row_id,benchmark_score,nmf_score,svd_score,nmf_percentile,svd_percentile,rank
854,1.0,0.3227964441069277,2.39543964607399,1.0,1.0,1
776,0.999,0.31649063301728697,2.348644862727028,0.999,0.999,2
838,0.998,0.31586431977998314,2.3439970551512515,0.998,0.998,3
839,0.997,0.31563657248893295,2.342306965597674,0.997,0.997,4
997,0.996,0.3152224058734797,2.3392334767613874,0.996,0.996,5
891,0.995,0.3151520633055954,2.338711471904365,0.995,0.995,6
877,0.994,0.3131889132332192,2.3241431351727657,0.994,0.994,7
847,0.993,0.3122580361265401,2.3172351908642086,0.993,0.993,8
932,0.992,0.3121966911901207,2.3167799558771778,0.992,0.992,9
961,0.991,0.3119490788635363,2.314942448854436,0.991,0.991,10
758,0.99,0.30998424784328193,2.3003616391301245,0.99,0.99,11
983,0.989,0.3099041402425035,2.299767168456735,0.989,0.989,12
925,0.988,0.309013150188907,2.293155221302859,0.988,0.988,13
893,0.987,0.30821375663544387,2.2872230025282523,0.987,0.987,14
749,0.986,0.30791850323725267,2.2850319580864085,0.986,0.986,15
637,0.985,0.30766562816003395,2.283155398635133,0.985,0.985,16
654,0.984,0.3075278439235113,2.2821329153283005,0.984,0.984,17
820,0.983,0.3074274848305527,2.281388160224898,0.983,0.983,18
848,0.982,0.3068148099691092,2.2768415615307585,0.982,0.982,19
835,0.981,0.30629436249717235,2.272979374170747,0.981,0.981,20
844,0.98,0.3056423285086623,2.2681406982161456,0.98,0.98,21
571,0.979,0.30356067145974686,2.2526929313994164,0.979,0.979,22
980,0.978,0.3035052897729712,2.252281949649466,0.978,0.978,23
924,0.977,0.30346667592910986,2.2519954011879544,0.977,0.977,24
621,0.976,0.303333228769025,2.251005102331196,0.976,0.976,25
867,0.975,0.3028328190753087,2.247291613986395,0.975,0.975,26
643,0.974,0.30267323310167266,2.246107341283582,0.974,0.974,27
694,0.973,0.30264488871675177,2.2458970004236307,0.973,0.973,28
812,0.972,0.3023849575128517,2.2439680775535,0.972,0.972,29
843,0.971,0.3023133086733999,2.2434363732615163,0.971,0.971,30
805,0.97,0.302110375930669,2.2419304355372263,0.97,0.97,31
598,0.969,0.30202525867368823,2.2412987891677365,0.969,0.969,32
682,0.968,0.30167878669428144,2.238727655274336,0.968,0.968,33
415,0.967,0.30151852162838827,2.2375383456677937,0.967,0.967,34
652,0.966,0.30126437245501714,2.235652329596177,0.966,0.966,35
465,0.965,0.30123304404367224,2.235419844855526,0.965,0.965,36
825,0.964,0.3011224387466402,2.2345990536961815,0.964,0.964,37
486,0.963,0.30085877892844404,2.2326424611132554,0.963,0.963,38
662,0.962,0.3005619471362553,2.230439704489635,0.962,0.962,39
608,0.961,0.2996174864710571,2.2234309558975096,0.961,0.961,40
698,0.96,0.29949585988563826,2.222528377259698,0.96,0.96,41
547,0.959,0.29850176936357264,2.215151332807554,0.959,0.959,42
759,0.958,0.2980381359473312,2.2117107558499187,0.958,0.958,43
780,0.957,0.2973591049844962,2.2066717352716894,0.957,0.957,44
822,0.956,0.2971504789023997,2.205123545163243,0.956,0.956,45
552,0.955,0.2959980466107494,2.1965714608591806,0.955,0.955,46
884,0.954,0.2956221199743455,2.193781747461646,0.954,0.954,47
899,0.953,0.29552813361547015,2.193084285109558,0.953,0.953,48
508,0.952,0.29534886381875225,2.191753941134073,0.952,0.952,49
676,0.951,0.29505438070166995,2.1895686135904353,0.951,0.951,50
819,0.95,0.29481099133018024,2.1877624432193286,0.95,0.95,51
639,0.949,0.29448167695285815,2.185318635448251,0.949,0.949,52
730,0.948,0.2944368989149692,2.184986340630743,0.948,0.948,53
827,0.947,0.2943220263544019,2.1841338789511973,0.947,0.947,54
400,0.946,0.29389313169518627,2.180951100931026,0.946,0.946,55
426,0.945,0.29366000266114844,2.179221074256564,0.945,0.945,56
459,0.944,0.29336704789643037,2.1770470864411235,0.944,0.944,57
578,0.943,0.29301717116006515,2.1744506860260135,0.943,0.943,58
840,0.942,0.29298726421003496,2.174228751885221,0.942,0.942,59
813,0.941,0.29285471042418526,2.173245078830993,0.941,0.941,60
861,0.94,0.2924095205796855,2.1699413678646144,0.94,0.94,61
246,0.939,0.29144455325360596,2.1627804491267297,0.939,0.939,62
366,0.938,0.2913017466486855,2.161720696188424,0.938,0.938,63
376,0.937,0.29092284178687844,2.158908881325285,0.937,0.937,64
497,0.936,0.2908733516630068,2.1585416220870743,0.936,0.936,65
566,0.935,0.29087330293531366,2.1585412582255046,0.935,0.935,66
490,0.934,0.2904655725174065,2.15551553226284,0.934,0.934,67
928,0.933,0.2903220575626315,2.154450518897228,0.933,0.933,68
371,0.932,0.2903209386171545,2.154442219060815,0.932,0.932,69
179,0.931,0.28998455269096896,2.1519459336153988,0.931,0.931,70
525,0.93,0.2893507855285301,2.147242810582068,0.93,0.93,71
580,0.929,0.2892644272860783,2.1466019545893746,0.929,0.929,72
241,0.928,0.2891598113641804,2.145825611557555,0.928,0.928,73
951,0.927,0.289122523224677,2.1455488944349255,0.927,0.927,74
589,0.926,0.28898917582606903,2.1445593439211077,0.926,0.926,75
871,0.925,0.288672327063274,2.1422080348111256,0.925,0.925,76
978,0.924,0.2882405787220543,2.139004071189908,0.924,0.924,77
994,0.923,0.2882278442608676,2.1389095746272364,0.923,0.923,78
887,0.922,0.2881657302916449,2.138448630614967,0.922,0.922,79
696,0.921,0.2881144456323047,2.1380680569309063,0.921,0.921,80
454,0.92,0.2878168077189685,2.1358593181674466,0.92,0.92,81
715,0.919,0.28760737815911563,2.1343051594654416,0.919,0.919,82
461,0.918,0.2875959985624228,2.134220715633752,0.918,0.918,83
90,0.917,0.2869484004376204,2.129414956061158,0.917,0.917,84
971,0.916,0.2863429032672123,2.124921614447964,0.916,0.916,85
635,0.915,0.28629415816163867,2.124559884756396,0.915,0.915,86
224,0.914,0.28610756416904987,2.1231751958216303,0.914,0.914,87
358,0.913,0.28609929533257517,2.1231138330330857,0.913,0.913,88
286,0.912,0.2859293372845643,2.1218525925886076,0.912,0.912,89
631,0.911,0.2858271285482305,2.1210941124207725,0.911,0.911,90
798,0.91,0.28552833127181226,2.1188767635066523,0.91,0.91,91
481,0.909,0.28544080404225003,2.1182272352239666,0.909,0.909,92
787,0.908,0.28533582531655194,2.1174481969400722,0.908,0.908,93
303,0.907,0.28527098947954543,2.1169670595137973,0.907,0.907,94
646,0.906,0.28491191347433353,2.1143023946023276,0.906,0.906,95
289,0.905,0.28463109798423997,2.112218489711642,0.905,0.905,96
510,0.904,0.28461891559620345,2.1121280852811393,0.904,0.904,97
901,0.903,0.2843889759624812,2.1104217233002243,0.903,0.903,98
659,0.902,0.28430189774815345,2.109775528556738,0.902,0.902,99
669,0.901,0.28427423692517767,2.109570255156867,0.901,0.901,100
20,0.9,0.28372655605270225,2.1055059765938955,0.9,0.9,101
275,0.899,0.283625216799502,2.1047539476277306,0.899,0.899,102
807,0.898,0.2833676169029493,2.102842321043165,0.898,0.898,103
452,0.897,0.2833078661005826,2.1023989221416866,0.897,0.897,104
851,0.896,0.2831437979585262,2.1011813839914164,0.896,0.896,105
281,0.895,0.2830926057978973,2.1008014975039684,0.895,0.895,106
474,0.894,0.2827122194754403,2.0979786858737444,0.894,0.894,107
298,0.893,0.2826018712257463,2.0971598062211285,0.893,0.893,108
397,0.892,0.28250832161069783,2.0964655840108577,0.892,0.892,109
974,0.891,0.2825065706116921,2.096452582592605,0.891,0.891,110
910,0.89,0.28208472261960177,2.0933220917156534,0.89,0.89,111
789,0.889,0.28182997669545284,2.0914316477949395,0.889,0.889,112
222,0.888,0.2815761143864965,2.0895477669368896,0.888,0.888,113
151,0.887,0.28147631412977475,2.088807159407315,0.887,0.887,114
185,0.886,0.28137194742297456,2.08803266475607,0.886,0.886,115
460,0.885,0.28132759463685963,2.0877035290245622,0.885,0.885,116
273,0.884,0.28121313173044754,2.0868541089514623,0.884,0.884,117
239,0.883,0.2807006784748671,2.0830512460530612,0.883,0.883,118
672,0.882,0.2805043437609014,2.0815942737084647,0.882,0.882,119
368,0.881,0.2797476754689957,2.075979109503482,0.881,0.881,120
555,0.88,0.2797431737711837,2.075945699118899,0.88,0.88,121
690,0.879,0.27959034377164615,2.0748115661015065,0.879,0.879,122
769,0.878,0.27955747670603737,2.0745676529124144,0.878,0.878,123
91,0.877,0.279544903714163,2.074474359101022,0.877,0.877,124
879,0.876,0.27947297018772643,2.073940543792125,0.876,0.876,125
321,0.875,0.2793939525835816,2.073354165740497,0.875,0.875,126
447,0.874,0.2793794617038976,2.073246628829471,0.874,0.874,127
962,0.873,0.27929279069927915,2.0726034500382817,0.873,0.873,128
986,0.872,0.27929044743968284,2.0725860544636956,0.872,0.872,129
464,0.871,0.2792714630848796,2.0724451784587417,0.871,0.871,130
943,0.87,0.27922934107131087,2.072132591685771,0.87,0.87,131
479,0.869,0.2790233662609822,2.0706040838436204,0.869,0.869,132
888,0.868,0.27899960424413073,2.07042775382618,0.868,0.868,133
407,0.867,0.2782142580300221,2.0645997720048577,0.867,0.867,134
558,0.866,0.27774832466636723,2.061142129828809,0.866,0.866,135
228,0.865,0.27772386292319823,2.06096060013286,0.865,0.865,136
958,0.864,0.27752365118977074,2.05947484058492,0.864,0.864,137
781,0.863,0.2774092339765718,2.0586257668070678,0.863,0.863,138
206,0.862,0.27731024599735676,2.0578911929882557,0.862,0.862,139
405,0.861,0.27722496016381315,2.0572582922367286,0.861,0.861,140
880,0.86,0.27694321315489207,2.055167484209558,0.86,0.86,141
976,0.859,0.27678365413278583,2.053983398933,0.859,0.859,142
941,0.858,0.2763702197605761,2.0509153430616607,0.858,0.858,143
657,0.857,0.27621910106577086,2.0497939123001188,0.857,0.857,144
184,0.856,0.2761655957315842,2.0493968569001124,0.856,0.856,145
821,0.855,0.27585527392567977,2.047093985494949,0.855,0.855,146
428,0.854,0.27584419561894075,2.047011781750835,0.854,0.854,147
402,0.853,0.27568187922809445,2.0458072415636694,0.853,0.853,148
76,0.852,0.27564366030261883,2.0455236284478664,0.852,0.852,149
29,0.851,0.2755127263944077,2.044551976514125,0.851,0.851,150
265,0.85,0.2752956724630771,2.042941244175463,0.85,0.85,151
917,0.849,0.2752765065627502,2.042799023139484,0.849,0.849,152
810,0.848,0.27514372849411783,2.041813677448847,0.848,0.848,153
716,0.847,0.2747022357895581,2.0385374087102797,0.847,0.847,154
365,0.846,0.2745168032106368,2.03716133057243,0.846,0.846,155
514,0.845,0.27438816422325385,2.0362067159892634,0.845,0.845,156
841,0.844,0.2743155096443521,2.0356675484149798,0.844,0.844,157
98,0.843,0.2742291024817932,2.0350263373865527,0.843,0.843,158
773,0.842,0.2739005838836659,2.0325884324812953,0.842,0.842,159
894,0.841,0.27385526757584694,2.032252143161951,0.841,0.841,160
989,0.84,0.2738172679977379,2.0319701459569197,0.84,0.84,161
996,0.839,0.2737450536175765,2.03143426689084,0.839,0.839,162
433,0.838,0.27368144981013387,2.030962259472703,0.838,0.838,163
742,0.837,0.2736036256262779,2.030384734066515,0.837,0.837,164
544,0.836,0.27353167174162596,2.029850767111378,0.836,0.836,165
904,0.835,0.2734615102439673,2.029330120246208,0.835,0.835,166
315,0.834,0.2732051924826561,2.0274280080275306,0.834,0.834,167
855,0.833,0.27301899363618326,2.0260462410955915,0.833,0.833,168
52,0.832,0.27287883719266215,2.0250061567060125,0.832,0.832,169
77,0.831,0.2724801317589601,2.0220474027893944,0.831,0.831,170
949,0.83,0.2722831065470863,2.020585297294978,0.83,0.83,171
346,0.829,0.2722311988341272,2.020200096579501,0.829,0.829,172
963,0.828,0.2718670247232607,2.01749759394272,0.828,0.828,173
620,0.827,0.2717427238623893,2.0165751681344575,0.827,0.827,174
329,0.826,0.2716299133499983,2.015738017948722,0.826,0.826,175
619,0.825,0.27160433564703523,2.0155482016801565,0.825,0.825,176
882,0.824,0.2715532355569085,2.0151689967431694,0.824,0.824,177
748,0.823,0.27136395778775574,2.013764386944081,0.823,0.823,178
948,0.822,0.2712329809479668,2.0127924175207563,0.822,0.822,179
530,0.821,0.27117119629139924,2.012333920511889,0.821,0.821,180
969,0.82,0.2711582261532221,2.012237667697219,0.82,0.82,181
125,0.819,0.2711400224488098,2.0121025891117577,0.819,0.819,182
929,0.818,0.27108698206519377,2.011708972627835,0.818,0.818,183
916,0.817,0.27107937884773603,2.011652556416439,0.817,0.817,184
772,0.816,0.27105384530503446,2.011463083800434,0.816,0.816,185
803,0.815,0.271037509096758,2.011341843734195,0.815,0.815,186
734,0.814,0.27103471623288505,2.0113211168105316,0.814,0.814,187
180,0.813,0.2707451713864372,2.0091724347669593,0.813,0.813,188
753,0.812,0.2705914500574602,2.008031683770338,0.812,0.812,189
999,0.811,0.2704738327572208,2.007158859767512,0.811,0.811,190
933,0.81,0.2701649833516563,2.004866917604919,0.81,0.81,191
849,0.809,0.27001815685247604,2.0037773290396723,0.809,0.809,192
107,0.808,0.26983926573521283,2.0024498046907273,0.808,0.808,193
338,0.807,0.2695243912659304,2.000113155855911,0.807,0.807,194
942,0.806,0.26931918993655285,1.9985903738855015,0.806,0.806,195
546,0.805,0.26926970185326726,1.9982231251034335,0.805,0.805,196
738,0.804,0.2691650277486615,1.9974463603066737,0.804,0.804,197
984,0.803,0.2690528984327517,1.9966142467650103,0.803,0.803,198
245,0.802,0.2687118596628082,1.994083434692982,0.802,0.802,199
954,0.801,0.2684192660462519,1.9919121263066997,0.801,0.801,200
202,0.8,0.2682723370574153,1.9908217822124994,0.8,0.8,201
212,0.799,0.26816040542697034,1.9899911486195487,0.799,0.799,202
173,0.798,0.26810048024207805,1.989546453666136,0.798,0.798,203
434,0.797,0.26786566433211717,1.9878039113445078,0.797,0.797,204
318,0.796,0.2677729330603179,1.987115755369595,0.796,0.796,205
892,0.795,0.26760675493283226,1.9858825607061574,0.795,0.795,206
290,0.794,0.2675171230056019,1.9852174150124646,0.794,0.794,207
823,0.793,0.26743023378499836,1.9845726151896532,0.793,0.793,208
860,0.792,0.2671175588117676,1.9822522909325182,0.792,0.792,209
764,0.791,0.2670147922588183,1.9814896727955278,0.791,0.791,210
862,0.79,0.2669992192438771,1.9813741032772783,0.79,0.79,211
467,0.789,0.26673730506570004,1.979430467737031,0.789,0.789,212
225,0.788,0.26645349085568865,1.977324310938617,0.788,0.788,213
786,0.787,0.26639195438899105,1.9768676534081768,0.787,0.787,214
477,0.786,0.2661330013659799,1.9749459892717545,0.786,0.786,215
328,0.785,0.2660886545079099,1.9746168961947002,0.785,0.785,216
920,0.784,0.2660805166243333,1.9745565065378456,0.784,0.784,217
868,0.783,0.2660268355827233,1.974158139967261,0.783,0.783,218
406,0.782,0.26568825451976386,1.9716455700997328,0.782,0.782,219
927,0.781,0.2656320088979168,1.971228162784757,0.781,0.781,220
858,0.78,0.2654949951361675,1.9702114091644416,0.78,0.78,221
176,0.779,0.26548494005031864,1.9701367986954441,0.779,0.779,222
148,0.778,0.2654371400460869,1.96978208030932,0.778,0.778,223
625,0.777,0.26489671108110385,1.965771605829873,0.777,0.777,224
370,0.776,0.2648013838307878,1.9650641931412394,0.776,0.776,225
679,0.775,0.26472882650314666,1.9645257498131679,0.775,0.775,226
638,0.774,0.2646839119759786,1.9641924435787732,0.774,0.774,227
626,0.773,0.2645082173736808,1.9628886336939972,0.773,0.773,228
714,0.772,0.2644162402376937,1.9622060905868883,0.772,0.772,229
814,0.771,0.2640398919198342,1.959413224577691,0.771,0.771,230
957,0.77,0.2638914329586926,1.9583115322680285,0.77,0.77,231
219,0.769,0.26347207933244615,1.9551995574590906,0.769,0.769,232
469,0.768,0.2634052934853574,1.9547039432581397,0.768,0.768,233
383,0.767,0.2630974375475087,1.9524193787815414,0.767,0.767,234
568,0.766,0.2627020952568453,1.949485584249498,0.766,0.766,235
260,0.765,0.26269331701404,1.949420447669464,0.765,0.765,236
28,0.764,0.2625380192450779,1.9482679958882434,0.764,0.764,237
541,0.763,0.262523438159725,1.9481597753771254,0.763,0.763,238
866,0.762,0.26222709654010434,1.9459606653876753,0.762,0.762,239
606,0.761,0.26208831037186625,1.9449307546618704,0.761,0.761,240
960,0.76,0.262047772109309,1.9446299197333403,0.76,0.76,241
934,0.759,0.2615885278889476,1.9412219120868162,0.759,0.759,242
214,0.758,0.2611571606225361,1.938020782772094,0.758,0.758,243
900,0.757,0.261142826248805,1.937914408789067,0.757,0.757,244
569,0.756,0.2606142797386596,1.9339921168035412,0.756,0.756,245
677,0.755,0.260586955268897,1.9337893470466718,0.755,0.755,246
192,0.754,0.2602888213421128,1.9315769218626158,0.754,0.754,247
230,0.753,0.26021564501652705,1.931033889559781,0.753,0.753,248
622,0.752,0.26014870517358224,1.930537131971898,0.752,0.752,249
411,0.751,0.2598531848237039,1.9283441210320251,0.751,0.751,250
534,0.75,0.25979367391063213,1.9279024857611957,0.75,0.75,251
701,0.749,0.25960736066459794,1.9265198606007015,0.749,0.749,252
39,0.748,0.2594727161467605,1.9255206930583513,0.748,0.748,253
688,0.747,0.25946113319910497,1.9254347357235406,0.747,0.747,254
824,0.746,0.2593215144008619,1.9243986495899499,0.746,0.746,255
527,0.745,0.25929977135951254,1.924237279776625,0.745,0.745,256
683,0.744,0.2592068880557829,1.9235479934782236,0.744,0.744,257
356,0.743,0.25918434233167914,1.9233806979491364,0.743,0.743,258
115,0.742,0.25901637609840944,1.9221342387113902,0.742,0.742,259
453,0.741,0.2589764162372481,1.9218377101726107,0.741,0.741,260
931,0.74,0.2588174205156828,1.920657804718339,0.74,0.74,261
442,0.739,0.25881031294707435,1.9206050631333418,0.739,0.739,262
993,0.738,0.2587275928623228,1.919991218091075,0.738,0.738,263
706,0.737,0.2586047312012123,1.9190794634087271,0.737,0.737,264
217,0.736,0.25848838738797886,1.918216086199591,0.736,0.736,265
324,0.735,0.25847293091617557,1.918101385029775,0.735,0.735,266
581,0.734,0.25846475892135357,1.918040736451002,0.734,0.734,267
852,0.733,0.2584425322709513,1.917875786451335,0.733,0.733,268
765,0.732,0.2584187921831673,1.9176996213754127,0.732,0.732,269
656,0.731,0.2581605166994221,1.9157829857454503,0.731,0.731,270
216,0.73,0.2580833552135339,1.9152103825819997,0.73,0.73,271
667,0.729,0.25797482083663825,1.9144049554905107,0.729,0.729,272
777,0.728,0.2579244409160223,1.9140310952465034,0.728,0.728,273
740,0.727,0.25785948276264,1.9135490508908848,0.727,0.727,274
143,0.726,0.25775785337643403,1.9127948737236489,0.726,0.726,275
998,0.725,0.2574716772674899,1.910671170309903,0.725,0.725,276
446,0.724,0.2572527105874751,1.9090462538944581,0.724,0.724,277
79,0.723,0.2572068339115667,1.9087058135851078,0.723,0.723,278
31,0.722,0.2570762541220352,1.9077367951750621,0.722,0.722,279
484,0.721,0.25697566163005514,1.9069903020087955,0.721,0.721,280
792,0.72,0.25676368885801487,1.9054172757541394,0.72,0.72,281
440,0.719,0.25672389544645036,1.905121981972936,0.719,0.719,282
63,0.718,0.25665510241103023,1.9046114634907294,0.718,0.718,283
169,0.717,0.256516338014266,1.9035817063211335,0.717,0.717,284
152,0.716,0.256344474735875,1.9023063283013244,0.716,0.716,285
850,0.715,0.2562456870313668,1.9015732363475009,0.715,0.715,286
476,0.714,0.25611915898292187,1.9006342835187284,0.714,0.714,287
131,0.713,0.2557089624268002,1.8975902554249129,0.713,0.713,288
977,0.712,0.25563382326459905,1.897032649572829,0.712,0.712,289
628,0.711,0.2552673159157759,1.8943128441324302,0.711,0.711,290
830,0.71,0.2551986744258316,1.8938034548380085,0.71,0.71,291
680,0.709,0.2551951605165559,1.8937773776381586,0.709,0.709,292
267,0.708,0.2551198594323538,1.8932185820513474,0.708,0.708,293
630,0.707,0.25505838681438,1.8927623992537133,0.707,0.707,294
532,0.706,0.255016995067441,1.8924552386235007,0.706,0.706,295
567,0.705,0.25485319403547735,1.8912396859363902,0.705,0.705,296
973,0.704,0.25479188290070826,1.8907846988387729,0.704,0.704,297
403,0.703,0.2547654624799558,1.8905886350026633,0.703,0.703,298
845,0.702,0.25464695724528186,1.8897092244496445,0.702,0.702,299
600,0.701,0.2546054778003584,1.889401406091292,0.701,0.701,300
673,0.7,0.2545910562659925,1.8892943875151282,0.7,0.7,301
750,0.699,0.25432491789386197,1.887319402301339,0.699,0.699,302
930,0.698,0.25425730257740575,1.886817632866458,0.698,0.698,303
923,0.697,0.2542418385857197,1.8867028793246678,0.697,0.697,304
270,0.696,0.25420717976784113,1.8864456808404035,0.696,0.696,305
709,0.695,0.2541633997613599,1.8861207865486183,0.695,0.695,306
719,0.694,0.254101835343812,1.8856639300726339,0.694,0.694,307
661,0.693,0.2539669682270615,1.8846630944845775,0.693,0.693,308
533,0.692,0.25393624803654286,1.8844351247779114,0.692,0.692,309
283,0.691,0.253929788172781,1.8843871874874725,0.691,0.691,310
811,0.69,0.253671065099832,1.882467220857781,0.69,0.69,311
430,0.689,0.25365681780104987,1.8823614896932817,0.689,0.689,312
451,0.688,0.25363695507714157,1.8822140988608125,0.688,0.688,313
885,0.687,0.2534592423261688,1.8808953046906889,0.687,0.687,314
762,0.686,0.2532149755959088,1.8790826282077753,0.686,0.686,315
500,0.685,0.2531648196477568,1.878710430212095,0.685,0.685,316
529,0.684,0.2529022202844323,1.8767617033160853,0.684,0.684,317
779,0.683,0.2528848059091984,1.8766324710917195,0.683,0.683,318
390,0.682,0.25279347593707746,1.8759547383143553,0.682,0.682,319
385,0.681,0.2527906265833052,1.8759335814482558,0.681,0.681,320
515,0.68,0.2527624272749773,1.875724316861316,0.68,0.68,321
918,0.679,0.2527225866339379,1.8754286679885144,0.679,0.679,322
806,0.678,0.2526633884619433,1.8749893549118934,0.678,0.678,323
427,0.677,0.25254800529009774,1.8741331144832236,0.677,0.677,324
766,0.676,0.2523475013631216,1.8726451924169591,0.676,0.676,325
404,0.675,0.2522779729256063,1.8721292313638531,0.675,0.675,326
624,0.674,0.25227088701513145,1.8720766340459372,0.674,0.674,327
37,0.673,0.2520600305270526,1.8705119028354302,0.673,0.673,328
516,0.672,0.2519865095922138,1.869966307318731,0.672,0.672,329
174,0.671,0.2519712606564602,1.869853149933152,0.671,0.671,330
614,0.67,0.2516427380799259,1.8674152191665194,0.67,0.67,331
261,0.669,0.251539898479766,1.866652055222705,0.669,0.669,332
256,0.668,0.25143858965685967,1.8659002498209303,0.668,0.668,333
422,0.667,0.2514162874754437,1.8657347461470932,0.667,0.667,334
357,0.666,0.251312863651154,1.8649672650554832,0.666,0.666,335
708,0.665,0.2512873562306401,1.8647779629584447,0.665,0.665,336
890,0.664,0.2512481649976481,1.8644871365945874,0.664,0.664,337
70,0.663,0.251123417427088,1.8635613928363088,0.663,0.663,338
668,0.662,0.2509205156166604,1.8620556803322887,0.662,0.662,339
204,0.661,0.2508620622678148,1.8616218987911946,0.661,0.661,340
713,0.66,0.2508572586289433,1.8615862501229248,0.66,0.66,341
16,0.659,0.25083629393772094,1.8614306796366367,0.659,0.659,342
113,0.658,0.25078126551967245,1.8610223182434733,0.658,0.658,343
874,0.657,0.25072383982136426,1.860596164533948,0.657,0.657,344
816,0.656,0.25051140300752034,1.8590196913932484,0.656,0.656,345
886,0.655,0.2505009136706062,1.8589418492146346,0.655,0.655,346
264,0.654,0.25022003163763495,1.8568574545977523,0.654,0.654,347
802,0.653,0.2501469537652607,1.856315155240623,0.653,0.653,348
575,0.652,0.25008305398424346,1.855840961929192,0.652,0.652,349
741,0.651,0.2500182744169813,1.8553602324910927,0.651,0.651,350
301,0.65,0.24979332172118612,1.8536908857532297,0.65,0.65,351
692,0.649,0.24974150195678527,1.8533063387652835,0.649,0.649,352
644,0.648,0.2497140789010133,1.8531028447840183,0.648,0.648,353
161,0.647,0.24964446183635922,1.8525862131337536,0.647,0.647,354
671,0.646,0.24964071113036257,1.8525583767583906,0.646,0.646,355
209,0.645,0.24957745133798026,1.8520889358893506,0.645,0.645,356
238,0.644,0.2493993093194132,1.8507669606159804,0.644,0.644,357
269,0.643,0.2493987997279984,1.8507631808594067,0.643,0.643,358
987,0.642,0.24924572495602465,1.849627223760569,0.642,0.642,359
842,0.641,0.24915099854342437,1.8489242672537625,0.641,0.641,360
276,0.64,0.24892077255748102,1.8472157880191264,0.64,0.64,361
760,0.639,0.24870906734833795,1.8456447415317188,0.639,0.639,362
632,0.638,0.24865302005147671,1.8452288236711811,0.638,0.638,363
248,0.637,0.24864272607244364,1.8451524355080675,0.637,0.637,364
907,0.636,0.24857276449640026,1.8446332503064713,0.636,0.636,365
518,0.635,0.2485663160041226,1.8445854043848289,0.635,0.635,366
790,0.634,0.24844712788048076,1.843700911941493,0.634,0.634,367
689,0.633,0.24842458518218277,1.8435336323953018,0.633,0.633,368
485,0.632,0.24840342079226696,1.8433765833690914,0.632,0.632,369
800,0.631,0.24825631881697668,1.8422849263668386,0.631,0.631,370
164,0.63,0.2479085278637591,1.8397040244609038,0.63,0.63,371
234,0.629,0.24780657084814767,1.838947406809741,0.629,0.629,372
576,0.628,0.24776249840565953,1.8386203513810426,0.628,0.628,373
908,0.627,0.2477314438996127,1.8383898921949318,0.627,0.627,374
521,0.626,0.24747682672803015,1.8365004121127912,0.626,0.626,375
57,0.625,0.24740767512912012,1.8359872464026223,0.625,0.625,376
938,0.624,0.2472482582864085,1.834804210912351,0.624,0.624,377
913,0.623,0.2472413165655871,1.8347527107066637,0.623,0.623,378
939,0.622,0.24714598742687496,1.8340452959804217,0.622,0.622,379
416,0.621,0.24690634000357925,1.8322668851924593,0.621,0.621,380
857,0.62,0.24688493926506386,1.8321080649231702,0.62,0.62,381
501,0.619,0.24677340129017028,1.8312803519435177,0.619,0.619,382
493,0.618,0.24676295829105252,1.8312028673265257,0.618,0.618,383
627,0.617,0.24659629757934143,1.8299660967230058,0.617,0.617,384
60,0.616,0.24641051984836373,1.828587456223155,0.616,0.616,385
498,0.615,0.2463821170942931,1.8283766788937657,0.615,0.615,386
472,0.614,0.24623270596036667,1.8272679152632085,0.614,0.614,387
207,0.613,0.2462188644440809,1.82716520277222,0.613,0.613,388
210,0.612,0.24612356019566498,1.8264579607689657,0.612,0.612,389
756,0.611,0.24603556658977865,1.825804963666225,0.611,0.611,390
421,0.61,0.24598692010506323,1.8254439673830989,0.61,0.61,391
503,0.609,0.24597976045133346,1.8253908374586525,0.609,0.609,392
489,0.608,0.24556083889185884,1.8222820642832798,0.608,0.608,393
468,0.607,0.24555598844716608,1.822246061941838,0.607,0.607,394
545,0.606,0.24553943869265213,1.8221232405463896,0.606,0.606,395
127,0.605,0.2454463232369853,1.8214322525382667,0.605,0.605,396
13,0.604,0.24541984713776652,1.8212357734061018,0.604,0.604,397
288,0.603,0.2453924438954794,1.8210324179883988,0.603,0.603,398
106,0.602,0.2453052701020022,1.8203855239297246,0.602,0.602,399
53,0.601,0.2452893772520102,1.8202675746545018,0.601,0.601,400
542,0.6,0.2450688982620057,1.8186314234329173,0.6,0.6,401
48,0.599,0.24486811592738453,1.817141432130586,0.599,0.599,402
574,0.598,0.24481016313761536,1.8167113679920215,0.598,0.598,403
617,0.597,0.24480251313206683,1.816654605391942,0.597,0.597,404
325,0.596,0.2446495277643909,1.8155193108662713,0.596,0.596,405
846,0.595,0.24461491873377242,1.8152624833816873,0.595,0.595,406
89,0.594,0.24455042729312007,1.8147839008291071,0.594,0.594,407
818,0.593,0.2444668880185598,1.8141639716991926,0.593,0.593,408
586,0.592,0.24402215487408624,1.8108636461479504,0.592,0.592,409
704,0.591,0.24391612145621178,1.810076773847769,0.591,0.591,410
651,0.59,0.24381640615283182,1.809336800296266,0.59,0.59,411
553,0.589,0.24372345041978755,1.808646989983344,0.589,0.589,412
528,0.588,0.24367937869175485,1.808319939249454,0.588,0.588,413
940,0.587,0.2434137624596187,1.8063488334062057,0.587,0.587,414
160,0.586,0.24336270698188,1.8059699512963616,0.586,0.586,415
196,0.585,0.24322856682946128,1.804974507443711,0.585,0.585,416
537,0.584,0.24305995170455502,1.8037232322108185,0.584,0.584,417
522,0.583,0.24290144465356284,1.8025469569568795,0.583,0.583,418
268,0.582,0.24272986649218714,1.8012737147929208,0.582,0.582,419
895,0.581,0.2426991214700859,1.8010455558377028,0.581,0.581,420
718,0.58,0.24266334983838544,1.8007800861028984,0.58,0.58,421
252,0.579,0.24249606804131751,1.79953870786826,0.579,0.579,422
579,0.578,0.24248196209981748,1.7994340211100495,0.578,0.578,423
232,0.577,0.24241552377676334,1.7989410006014934,0.577,0.577,424
355,0.576,0.2424152636779994,1.7989390633895739,0.576,0.576,425
64,0.575,0.24228771193107565,1.7979925194023993,0.575,0.575,426
832,0.574,0.24221351424033313,1.7974419027650048,0.574,0.574,427
266,0.573,0.24200704604683948,1.7959097228863075,0.573,0.573,428
393,0.572,0.2419306432058668,1.7953427475471588,0.572,0.572,429
872,0.571,0.2418878260832937,1.795025003667531,0.571,0.571,430
410,0.57,0.24177625547614615,1.7941970512631809,0.57,0.57,431
149,0.569,0.24164319388341027,1.7932096172654977,0.569,0.569,432
703,0.568,0.24162184618845509,1.7930511932014448,0.568,0.568,433
658,0.567,0.2413300536890594,1.7908858278103663,0.567,0.567,434
788,0.566,0.2412448775455498,1.7902537322627048,0.566,0.566,435
320,0.565,0.24095279962449107,1.7880862814002376,0.565,0.565,436
435,0.564,0.24089563738652586,1.7876620752093908,0.564,0.564,437
46,0.563,0.24088560876937917,1.7875876551459473,0.563,0.563,438
947,0.562,0.24084792976464786,1.7873080496525562,0.562,0.562,439
0,0.561,0.24059823701841554,1.7854550986835236,0.561,0.561,440
284,0.56,0.2405950845969578,1.7854317056386972,0.56,0.56,441
914,0.559,0.24035165276327664,1.783625217323438,0.559,0.559,442
66,0.558,0.2402178067767904,1.7826319632704648,0.558,0.558,443
601,0.557,0.24020573952780583,1.7825424133469123,0.557,0.557,444
398,0.556,0.24014059541264815,1.782058987006824,0.556,0.556,445
666,0.555,0.23985710142192446,1.7799552068462878,0.555,0.555,446
950,0.554,0.2396334854453335,1.7782957680076246,0.554,0.554,447
81,0.553,0.23961476890665576,1.7781568811121915,0.553,0.553,448
136,0.552,0.23955939738585666,1.77774597575885,0.552,0.552,449
456,0.551,0.23948372887344946,1.7771844480901502,0.551,0.551,450
443,0.55,0.23946238533231315,1.7770260485814555,0.55,0.55,451
559,0.549,0.2394558175548567,1.7769773155842963,0.549,0.549,452
745,0.548,0.23934844015377765,1.776180472373581,0.548,0.548,453
791,0.547,0.23931168091990082,1.7759077035149757,0.547,0.547,454
380,0.546,0.23915575247730567,1.7747505692855126,0.546,0.546,455
278,0.545,0.23915487937739718,1.7747440885901504,0.545,0.545,456
146,0.544,0.23909960223624324,1.7743338807948674,0.544,0.544,457
883,0.543,0.23906864913893652,1.774104176762619,0.543,0.543,458
26,0.542,0.23899120109869407,1.7735294438120672,0.542,0.542,459
665,0.541,0.23885002049032894,1.7724817686587706,0.541,0.541,460
743,0.54,0.23880620006870515,1.7721565749756027,0.54,0.54,461
655,0.539,0.2385283180959894,1.7700944265559373,0.539,0.539,462
597,0.538,0.23846815632808516,1.7696479749403125,0.538,0.538,463
394,0.537,0.23830700811456523,1.768452133764697,0.537,0.537,464
313,0.536,0.23821364368182907,1.7677592680453587,0.536,0.536,465
412,0.535,0.23812804953069516,1.7671240932246566,0.535,0.535,466
663,0.534,0.23799146957742237,1.766110552608292,0.534,0.534,467
102,0.533,0.23791823456749048,1.7655670713566514,0.533,0.533,468
889,0.532,0.23774470825806915,1.7642793496240874,0.532,0.532,469
253,0.531,0.237691637532422,1.763885522918429,0.531,0.531,470
295,0.53,0.23751795959778865,1.7625966728189992,0.53,0.53,471
84,0.529,0.23742049893320494,1.761873422323964,0.529,0.529,472
712,0.528,0.23740027961623977,1.7617233886574803,0.528,0.528,473
902,0.527,0.23738801367299772,1.7616323404569187,0.527,0.527,474
183,0.526,0.2373695000160802,1.7614949713193362,0.526,0.526,475
61,0.525,0.23721089177387397,1.7603179528848467,0.525,0.525,476
921,0.524,0.23709542336171394,1.759461080309756,0.524,0.524,477
495,0.523,0.23707893219783546,1.7593386969519247,0.523,0.523,478
782,0.522,0.2370532534225417,1.759148123700293,0.522,0.522,479
968,0.521,0.23669509453011542,1.7564902726525344,0.521,0.521,480
964,0.52,0.23648365733249702,1.7549212100880174,0.52,0.52,481
587,0.519,0.23621980720655192,1.7529632124153864,0.519,0.519,482
441,0.518,0.2361772451620783,1.7526473672264564,0.518,0.518,483
389,0.517,0.2361315577518901,1.7523083187922068,0.517,0.517,484
158,0.516,0.23605838958583258,1.7517653530271888,0.516,0.516,485
129,0.515,0.2360578652889958,1.7517614601030165,0.515,0.515,486
201,0.514,0.23603812202754798,1.751614944032691,0.514,0.514,487
311,0.513,0.23590900738885984,1.7506568056676632,0.513,0.513,488
588,0.512,0.23590851449789646,1.7506531358029664,0.512,0.512,489
686,0.511,0.23585840219644402,1.7502812607347145,0.511,0.511,490
991,0.51,0.23575790688465875,1.7495354929826028,0.51,0.51,491
881,0.509,0.23563323229603492,1.7486102858871946,0.509,0.509,492
457,0.508,0.2354756907604898,1.747441189423914,0.508,0.508,493
223,0.507,0.23533155930136848,1.7463716137369758,0.507,0.507,494
768,0.506,0.23482538392868527,1.74261534374674,0.506,0.506,495
126,0.505,0.23475965304822452,1.742127555346163,0.505,0.505,496
599,0.504,0.23472204559767798,1.7418484601334054,0.504,0.504,497
235,0.503,0.23454196109684866,1.7405121006321822,0.503,0.503,498
970,0.502,0.23452730518071122,1.7404033259333611,0.502,0.502,499
144,0.501,0.2344537389613835,1.7398574036933425,0.501,0.501,500
720,0.5,0.23444275559239633,1.7397759011621357,0.5,0.5,501
171,0.499,0.2342059016747447,1.738018228129023,0.499,0.499,502
138,0.498,0.23414468715541248,1.737563959842593,0.498,0.498,503
784,0.497,0.23397591175921587,1.7363115012445458,0.497,0.497,504
54,0.496,0.23391977126894253,1.735894868955001,0.496,0.496,505
226,0.495,0.2337190979969655,1.7344057060231406,0.495,0.495,506
605,0.494,0.23339302030567324,1.7319859180833503,0.494,0.494,507
1,0.493,0.23327574770374568,1.7311156477511287,0.493,0.493,508
19,0.492,0.23321464319623816,1.7306621987367137,0.492,0.492,509
233,0.491,0.23314682863450575,1.7301589482220536,0.491,0.491,510
94,0.49,0.23301170374012328,1.7291562047997682,0.49,0.49,511
120,0.489,0.23299441749100372,1.7290279250857405,0.489,0.489,512
945,0.488,0.23299274543098053,1.729015511462907,0.488,0.488,513
35,0.487,0.23295286669142165,1.7287195772043389,0.487,0.487,514
641,0.486,0.23283031218196668,1.7278101074825558,0.486,0.486,515
540,0.485,0.23276631062705797,1.7273351682937461,0.485,0.485,516
425,0.484,0.232738197816649,1.7271265466245724,0.484,0.484,517
6,0.483,0.23271841384151715,1.72697973307067,0.483,0.483,518
242,0.482,0.23267563776184433,1.7266622816852835,0.482,0.482,519
177,0.481,0.23264231416834402,1.726415002243755,0.481,0.481,520
387,0.48,0.2325596548315858,1.7258016078402838,0.48,0.48,521
316,0.479,0.23248772634084883,1.7252678197980336,0.479,0.479,522
685,0.478,0.2323611517588197,1.724328509719911,0.478,0.478,523
965,0.477,0.23230638792616662,1.7239221224147343,0.477,0.477,524
438,0.476,0.23218065793630324,1.7229890958477703,0.476,0.476,525
833,0.475,0.23193810057594083,1.7211890994201224,0.475,0.475,526
132,0.474,0.23189081880302942,1.720838230211534,0.474,0.474,527
836,0.473,0.2318178491198445,1.7202967266487301,0.473,0.473,528
995,0.472,0.2316911923520468,1.7193568165259698,0.472,0.472,529
815,0.471,0.23164206769390785,1.7189922713098058,0.471,0.471,530
193,0.47,0.23155570242197396,1.7183513694116497,0.47,0.47,531
362,0.469,0.2314981400297119,1.717924197353131,0.469,0.469,532
220,0.468,0.23135982615891515,1.7168977842828297,0.468,0.468,533
243,0.467,0.2312459898262144,1.7160530158194225,0.467,0.467,534
562,0.466,0.23120849655314282,1.7157747818014413,0.466,0.466,535
502,0.465,0.23106339895680122,1.71469803037069,0.465,0.465,536
778,0.464,0.2310632036118277,1.7146965911584835,0.464,0.464,537
903,0.463,0.23103614232100222,1.7144957626972746,0.463,0.463,538
648,0.462,0.23101105957485327,1.7143096104601245,0.462,0.462,539
953,0.461,0.23094492819381257,1.7138188816202966,0.461,0.461,540
520,0.46,0.23084140355440544,1.7130506113037867,0.46,0.46,541
65,0.459,0.23081658120597176,1.712866421673148,0.459,0.459,542
128,0.458,0.23080754373450446,1.7127993679854097,0.458,0.458,543
142,0.457,0.23051804760320532,1.7106510475955028,0.457,0.457,544
513,0.456,0.23048988983414428,1.710442080901009,0.456,0.456,545
51,0.455,0.2303711492570888,1.7095609293424894,0.455,0.455,546
557,0.454,0.23025583613979494,1.7087051879219581,0.454,0.454,547
305,0.453,0.23020839961621636,1.708353172247608,0.453,0.453,548
351,0.452,0.2299934809816846,1.7067582805128636,0.452,0.452,549
870,0.451,0.2298669611712988,1.7058193867793783,0.451,0.451,550
23,0.45,0.22983185101332168,1.705558842763865,0.45,0.45,551
912,0.449,0.2298216396214751,1.7054830577529587,0.449,0.449,552
906,0.448,0.22964160367070985,1.7041470271954167,0.448,0.448,553
793,0.447,0.2294489890338385,1.7027176450866182,0.447,0.447,554
293,0.446,0.22943828935022656,1.7026382432430183,0.446,0.446,555
463,0.445,0.22888860026895594,1.6985590674081745,0.445,0.445,556
353,0.444,0.22886616385388436,1.6983925765795418,0.444,0.444,557
9,0.443,0.22875353218751332,1.6975567575343642,0.443,0.443,558
506,0.442,0.22865132603283628,1.6967982803720987,0.442,0.442,559
344,0.441,0.22860443630479357,1.696450312730543,0.441,0.441,560
339,0.44,0.2285823257266529,1.6962862375237082,0.44,0.44,561
4,0.439,0.22837593966560255,1.6947546586742719,0.439,0.439,562
38,0.438,0.2283586955365155,1.6946267004538815,0.438,0.438,563
166,0.437,0.22829027070052232,1.6941189315075191,0.437,0.437,564
170,0.436,0.22816968201957405,1.6932240562984233,0.436,0.436,565
726,0.435,0.22804974892731703,1.6923340338287665,0.435,0.435,566
509,0.434,0.22785618302193705,1.6908976194701475,0.434,0.434,567
189,0.433,0.22778623060338052,1.6903785001046854,0.433,0.433,568
401,0.432,0.2273588530906803,1.68720696926532,0.432,0.432,569
24,0.431,0.22735428571016914,1.6871730839189747,0.431,0.431,570
133,0.43,0.22703647373428423,1.6848146196964366,0.43,0.43,571
747,0.429,0.22667993266655626,1.6821687659224482,0.429,0.429,572
487,0.428,0.22638349686631953,1.679968937849227,0.428,0.428,573
828,0.427,0.22627140716122807,1.6791371327217492,0.427,0.427,574
449,0.426,0.22625283181969139,1.6789992984969442,0.426,0.426,575
200,0.425,0.22624826589244193,1.6789654147664879,0.425,0.425,576
95,0.424,0.22618944816253564,1.6785289364563387,0.424,0.424,577
32,0.423,0.2261868946415225,1.6785099919782174,0.423,0.423,578
363,0.422,0.22606461609937292,1.677602577442804,0.422,0.422,579
308,0.421,0.22599742508750184,1.677103955740739,0.421,0.421,580
590,0.42,0.22543112432698154,1.672901485925198,0.42,0.42,581
2,0.419,0.22540993340011653,1.672744231007555,0.419,0.419,582
165,0.418,0.2253855793605316,1.6725635127878609,0.418,0.418,583
693,0.417,0.22519485094833294,1.671148126923966,0.417,0.417,584
499,0.416,0.22519463748663301,1.6711465480579037,0.416,0.416,585
199,0.415,0.22518517805296262,1.6710763651175051,0.415,0.415,586
114,0.414,0.224955769689599,1.6693739368178968,0.414,0.414,587
543,0.413,0.22491197600958276,1.6690489415575955,0.413,0.413,588
450,0.412,0.22483780456315872,1.6684985382646018,0.412,0.412,589
188,0.411,0.2243602261110525,1.6649544707362878,0.411,0.411,590
956,0.41,0.22412013329880182,1.663172751729211,0.41,0.41,591
549,0.409,0.2240665199051729,1.6627748893328886,0.409,0.409,592
990,0.408,0.22393813685848935,1.6618221738812444,0.408,0.408,593
724,0.407,0.22380671559037305,1.660846920652365,0.407,0.407,594
808,0.406,0.22370040836384475,1.660058021104232,0.406,0.406,595
254,0.405,0.22363524093177686,1.6595744288278218,0.405,0.405,596
12,0.404,0.22361020072896592,1.6593886048056186,0.404,0.404,597
471,0.403,0.22336366027242735,1.657559048266699,0.403,0.403,598
875,0.402,0.22285257399650502,1.6537663291881926,0.402,0.402,599
751,0.401,0.22283884659319794,1.6536644565537484,0.401,0.401,600
732,0.4,0.22279225009283868,1.653318667056034,0.4,0.4,601
78,0.399,0.22274749434286786,1.652986544352118,0.399,0.399,602
697,0.398,0.22274548042286463,1.6529716005692487,0.398,0.398,603
678,0.397,0.22272236526809763,1.6528000631211912,0.397,0.397,604
101,0.396,0.22268325117713791,1.6525098096019604,0.396,0.396,605
604,0.395,0.22262992928675884,1.65211410767242,0.395,0.395,606
274,0.394,0.22242463173843538,1.6505906119074596,0.394,0.394,607
660,0.393,0.22233987655969795,1.649961656681824,0.393,0.393,608
505,0.392,0.22228687196022773,1.6495683109333028,0.392,0.392,609
299,0.391,0.22212537631160242,1.6483698765303336,0.391,0.391,610
323,0.39,0.22200852237088997,1.6475027162358395,0.39,0.39,611
343,0.389,0.2218033461615653,1.6459801269525216,0.389,0.389,612
455,0.388,0.22178693985598646,1.6458583793235608,0.388,0.388,613
796,0.387,0.22159075478480397,1.6444024866017701,0.387,0.387,614
257,0.386,0.22158428334705696,1.6443544662141363,0.386,0.386,615
297,0.385,0.22143179880233446,1.6432229001438305,0.385,0.385,616
856,0.384,0.22137069904886825,1.6427694821015673,0.384,0.384,617
636,0.383,0.22136644051124363,1.6427378846473895,0.383,0.383,618
458,0.382,0.2213604594822295,1.6426935007092855,0.382,0.382,619
86,0.381,0.2213113179422737,1.642328831205296,0.381,0.381,620
647,0.38,0.22123228002101974,1.641742293357029,0.38,0.38,621
609,0.379,0.22122219804717147,1.6416674649678227,0.379,0.379,622
523,0.378,0.22110495931811266,1.6407974621729555,0.378,0.378,623
897,0.377,0.22109125448395184,1.640695758954813,0.377,0.377,624
345,0.376,0.2208183405574816,1.638670486899786,0.376,0.376,625
409,0.375,0.22075880271742,1.6382286667571848,0.375,0.375,626
863,0.374,0.2207148848805398,1.6379027555041148,0.374,0.374,627
935,0.373,0.22069500395683905,1.6377552347707889,0.373,0.373,628
334,0.372,0.22054437265624596,1.6366374118249682,0.372,0.372,629
722,0.371,0.22042422907261816,1.6357458251487562,0.371,0.371,630
737,0.37,0.22041053514603112,1.635644206983388,0.37,0.37,631
145,0.369,0.22031877950374854,1.634963300751291,0.369,0.369,632
729,0.368,0.22013354395427173,1.633588679858721,0.368,0.368,633
981,0.367,0.2200984331652374,1.6333281399141002,0.367,0.367,634
826,0.366,0.21991003077108595,1.631930017853515,0.366,0.366,635
629,0.365,0.21989203668651913,1.6317964759307682,0.365,0.365,636
653,0.364,0.21979698766866246,1.6310911479675037,0.364,0.364,637
437,0.363,0.21974943328861687,1.6307382394266767,0.363,0.363,638
157,0.362,0.21962410600627175,1.6298081932434374,0.362,0.362,639
966,0.361,0.2194420978117709,1.628457528072724,0.361,0.361,640
634,0.36,0.21933756050843184,1.6276817674929802,0.36,0.36,641
859,0.359,0.21933413881340974,1.6276563851729369,0.359,0.359,642
181,0.358,0.2192799395856601,1.627254183731477,0.358,0.358,643
695,0.357,0.21920988961752433,1.6267343422400051,0.357,0.357,644
352,0.356,0.21919133399881335,1.6265966535739982,0.356,0.356,645
817,0.355,0.2191705343828326,1.626442289975764,0.355,0.355,646
67,0.354,0.21896785237043032,1.6249382106459207,0.354,0.354,647
431,0.353,0.21883370639985905,1.6239427343367883,0.353,0.353,648
25,0.352,0.21857859205407634,1.622049547596831,0.352,0.352,649
208,0.351,0.21852890024862673,1.6216807828424302,0.351,0.351,650
710,0.35,0.2183756890165865,1.6205438331743258,0.35,0.35,651
213,0.349,0.21832662890509064,1.6201797582841577,0.349,0.349,652
364,0.348,0.21815667214359202,1.6189185273244449,0.348,0.348,653
603,0.347,0.21802739602100324,1.617959188169448,0.347,0.347,654
551,0.346,0.21784940435686548,1.616638313102033,0.346,0.346,655
414,0.345,0.217679832574525,1.6153799430744324,0.345,0.345,656
911,0.344,0.2176782590024356,1.6153682608536342,0.344,0.344,657
3,0.343,0.21761415516670532,1.6148925512799717,0.343,0.343,658
285,0.342,0.21756256050442277,1.6145096747629923,0.342,0.342,659
41,0.341,0.21703407810903877,1.6105878674876941,0.341,0.341,660
162,0.34,0.21683178595085406,1.6090866759701636,0.34,0.34,661
388,0.339,0.21678941077581831,1.6087722105570461,0.339,0.339,662
123,0.338,0.2166351539359611,1.6076274755640625,0.338,0.338,663
988,0.337,0.21656868801289733,1.6071342493480318,0.337,0.337,664
944,0.336,0.21644744048180106,1.606234488479172,0.336,0.336,665
681,0.335,0.21634728010237475,1.60549119366092,0.335,0.335,666
312,0.334,0.21631989879950395,1.605288013177376,0.334,0.334,667
831,0.333,0.21604842579099703,1.6032734396223913,0.333,0.333,668
68,0.332,0.216010458989322,1.6029916778332436,0.332,0.332,669
17,0.331,0.2158506857701619,1.6018060305369102,0.331,0.331,670
36,0.33,0.21568626552975803,1.6005858714226098,0.33,0.33,671
728,0.329,0.21490911567548784,1.5948187292537495,0.329,0.329,672
80,0.328,0.2148615054512981,1.5944654241731866,0.328,0.328,673
853,0.327,0.21460892995871375,1.5925910689649199,0.327,0.327,674
744,0.326,0.21444400913279585,1.5913672393469083,0.326,0.326,675
147,0.325,0.21435198543007744,1.5906843291976824,0.325,0.325,676
327,0.324,0.21421725944982167,1.5896845395552663,0.324,0.324,677
419,0.323,0.21397533989573914,1.5878892781050695,0.323,0.323,678
873,0.322,0.21383117270448052,1.5868194251680376,0.322,0.322,679
979,0.321,0.21366932590853335,1.585618382791532,0.321,0.321,680
560,0.32,0.21320472465458515,1.5821706094235553,0.32,0.32,681
922,0.319,0.21307637626957696,1.5812181613963079,0.319,0.319,682
156,0.318,0.2128708979437822,1.5796933299094231,0.318,0.318,683
492,0.317,0.21285195433992143,1.5795527499704194,0.317,0.317,684
511,0.316,0.21268366659757276,1.5783039012915514,0.316,0.316,685
42,0.315,0.21261003410402282,1.577757478973709,0.315,0.315,686
799,0.314,0.21251433907765663,1.57704734020223,0.314,0.314,687
717,0.313,0.212104115600625,1.5740031112000392,0.313,0.313,688
229,0.312,0.21209791175028256,1.5739570686472328,0.312,0.312,689
300,0.311,0.21198231889000507,1.5730992726728477,0.311,0.311,690
746,0.31,0.21187280150464102,1.5722865560581447,0.31,0.31,691
97,0.309,0.21164483464293193,1.5705948365561346,0.309,0.309,692
615,0.308,0.21161585359562893,1.570379776654872,0.308,0.308,693
864,0.307,0.21159604706759166,1.5702327878962703,0.307,0.307,694
134,0.306,0.21151997537661385,1.5696682710776844,0.306,0.306,695
577,0.305,0.21151287110401915,1.569615543108284,0.305,0.305,696
255,0.304,0.2112434733438738,1.567616371522752,0.304,0.304,697
135,0.303,0.21121861392005642,1.5674318958888513,0.303,0.303,698
556,0.302,0.211096452975693,1.5665253519255322,0.302,0.302,699
915,0.301,0.2109344493411871,1.5653231452455874,0.301,0.301,700
538,0.3,0.21092342483752483,1.5652413259505416,0.3,0.3,701
103,0.299,0.21073912853862403,1.5638736903183117,0.299,0.299,702
563,0.298,0.21041256157263252,1.5614502501209082,0.298,0.298,703
674,0.297,0.2101549364923754,1.5595384438529478,0.297,0.297,704
524,0.296,0.21013406328051526,1.5593835492433685,0.296,0.296,705
105,0.295,0.21010378453985196,1.5591588715359332,0.295,0.295,706
69,0.294,0.21008600165214003,1.559026895952945,0.294,0.294,707
548,0.293,0.2099873369162816,1.5582947086593577,0.293,0.293,708
294,0.292,0.2098617708130356,1.5573629082580127,0.292,0.292,709
876,0.291,0.20972137971334592,1.5563210697537047,0.291,0.291,710
985,0.29,0.20953446120312502,1.554933971550434,0.29,0.29,711
936,0.289,0.20944889264098543,1.5542989632874986,0.289,0.289,712
330,0.288,0.20942359882329703,1.5541112691635162,0.288,0.288,713
919,0.287,0.20931690954571447,1.5533195548278336,0.287,0.287,714
304,0.286,0.20929581347946627,1.553162976837501,0.286,0.286,715
727,0.285,0.20916889639281785,1.5522211506585648,0.285,0.285,716
937,0.284,0.2088295708047184,1.5497030601363697,0.284,0.284,717
109,0.283,0.20881108805418713,1.5495658885232664,0.283,0.283,718
613,0.282,0.2087742360545559,1.5492924170245834,0.282,0.282,719
612,0.281,0.20867203292641961,1.5485339758175798,0.281,0.281,720
596,0.28,0.20851316853741966,1.5473550615236225,0.28,0.28,721
240,0.279,0.20841987815127855,1.5466627622956954,0.279,0.279,722
794,0.278,0.20831296446816172,1.5458693696925816,0.278,0.278,723
258,0.277,0.20818582705592642,1.54492589431411,0.277,0.277,724
519,0.276,0.20790406558399255,1.542834956583893,0.276,0.276,725
670,0.275,0.20774696239752208,1.5416691152094875,0.275,0.275,726
182,0.274,0.207734398375585,1.541575883272078,0.274,0.274,727
110,0.273,0.20757177402308793,1.54036906721841,0.273,0.273,728
130,0.272,0.20740127553064652,1.5391038153953909,0.272,0.272,729
731,0.271,0.20735308097353788,1.5387461658005923,0.271,0.271,730
878,0.27,0.20723519084301284,1.5378713148962782,0.27,0.27,731
159,0.269,0.20682163986760968,1.5348023947536809,0.269,0.269,732
905,0.268,0.2066056814771074,1.533199804580237,0.268,0.268,733
517,0.267,0.20649786398933537,1.5323996934934163,0.267,0.267,734
926,0.266,0.20643845621191895,1.5319588331970948,0.266,0.266,735
645,0.265,0.20642746870392503,1.5318772915915253,0.265,0.265,736
687,0.264,0.20621219049220307,1.5302797242625987,0.264,0.264,737
30,0.263,0.20616531986138315,1.5299319122484447,0.263,0.263,738
378,0.262,0.20596196224638777,1.5284228150198371,0.262,0.262,739
834,0.261,0.20591336504438643,1.5280621724536763,0.261,0.261,740
829,0.26,0.20590327261162775,1.5279872693026966,0.26,0.26,741
408,0.259,0.205777652953128,1.5270550879741458,0.259,0.259,742
535,0.258,0.20563820824947676,1.526020268152001,0.258,0.258,743
494,0.257,0.20560635664927734,1.5257839024191735,0.257,0.257,744
480,0.256,0.2055079627825989,1.5250537273635483,0.256,0.256,745
504,0.255,0.20531015549689652,1.5235858272768714,0.255,0.255,746
507,0.254,0.20493387711886174,1.5207935143245612,0.254,0.254,747
45,0.253,0.20449279457777325,1.5175202844415587,0.253,0.253,748
444,0.252,0.20431870489332357,1.516228383202664,0.252,0.252,749
869,0.251,0.20373705929893768,1.5119120410898432,0.251,0.251,750
771,0.25,0.20369016921722655,1.5115640770192393,0.25,0.25,751
483,0.249,0.20366426721388287,1.51137185752332,0.249,0.249,752
8,0.248,0.20365034812174707,1.5112685606427598,0.248,0.248,753
512,0.247,0.20348991570845343,1.5100780073918012,0.247,0.247,754
554,0.246,0.20324161486951095,1.5082353993782496,0.246,0.246,755
55,0.245,0.20310753287194033,1.5072403845740125,0.245,0.245,756
582,0.244,0.20269209627544102,1.504157477246184,0.244,0.244,757
377,0.243,0.20261445517966362,1.5035812953759826,0.243,0.243,758
423,0.242,0.20244584087383044,1.5023300532914745,0.242,0.242,759
642,0.241,0.20232101378925696,1.501403716629535,0.241,0.241,760
326,0.24,0.20230000818441835,1.501247833352114,0.24,0.24,761
561,0.239,0.20190199152502195,1.4982941850210556,0.239,0.239,762
633,0.238,0.2018522049541905,1.4979247290233975,0.238,0.238,763
203,0.237,0.20176143999751348,1.4972511695933002,0.237,0.237,764
684,0.236,0.20163590588011782,1.4963195845791595,0.236,0.236,765
761,0.235,0.20118349646496217,1.492962311000611,0.235,0.235,766
959,0.234,0.20099108184524445,1.4915344084307915,0.234,0.234,767
550,0.233,0.20065644130093652,1.4890510817382865,0.233,0.233,768
96,0.232,0.2006411734832422,1.488937779888906,0.232,0.232,769
392,0.231,0.20061343970810064,1.4887319736717435,0.231,0.231,770
137,0.23,0.20016495562509992,1.4854038150417952,0.23,0.23,771
336,0.229,0.20013990049764627,1.4852178827224165,0.229,0.229,772
277,0.228,0.2000636788667673,1.4846522543853187,0.228,0.228,773
526,0.227,0.19995256973029174,1.4838277222931644,0.227,0.227,774
249,0.226,0.19944433078878937,1.4800561381875592,0.226,0.226,775
946,0.225,0.19929904248465408,1.4789779548892545,0.225,0.225,776
967,0.224,0.19908487387051668,1.4773886507499536,0.224,0.224,777
785,0.223,0.19850937984818048,1.4731179501107599,0.223,0.223,778
564,0.222,0.19842046761110646,1.4724581573933244,0.222,0.222,779
247,0.221,0.19813840519620488,1.4703650000877018,0.221,0.221,780
141,0.22,0.1979808759697301,1.4691959968015604,0.22,0.22,781
384,0.219,0.19780540871987684,1.467893855882164,0.219,0.219,782
473,0.218,0.19776845132628898,1.4676196117877207,0.218,0.218,783
49,0.217,0.19756347496964913,1.4660984984980787,0.217,0.217,784
307,0.216,0.19743741661383596,1.4651630283741555,0.216,0.216,785
104,0.215,0.19678394663977447,1.4603136997324337,0.215,0.215,786
424,0.214,0.19671755615990627,1.4598210197916157,0.214,0.214,787
650,0.213,0.19657092082324537,1.4587328461383542,0.213,0.213,788
707,0.212,0.19638199371227297,1.45733084579548,0.212,0.212,789
56,0.211,0.19631787596520736,1.4568550438953032,0.211,0.211,790
573,0.21,0.1958945963981589,1.4537139079358676,0.21,0.21,791
754,0.209,0.1958734632271207,1.4535570743106252,0.209,0.209,792
594,0.208,0.19573953559308005,1.4525632365642753,0.208,0.208,793
302,0.207,0.1955258265392676,1.4509773073833794,0.207,0.207,794
163,0.206,0.19551113904678058,1.450868317486618,0.206,0.206,795
291,0.205,0.19470383856753665,1.444877438165824,0.205,0.205,796
40,0.204,0.19464843951073707,1.4444663262918473,0.204,0.204,797
539,0.203,0.19438529294525175,1.4425135229929817,0.203,0.203,798
282,0.202,0.19431617208922813,1.4420005841243086,0.202,0.202,799
757,0.201,0.1941988799636425,1.4411301615353678,0.201,0.201,800
319,0.2,0.1941500279189258,1.4407676499108582,0.2,0.2,801
909,0.199,0.193806041088515,1.4382149517899567,0.199,0.199,802
375,0.198,0.19354157917010156,1.4362524131839225,0.198,0.198,803
372,0.197,0.19351780152541356,1.4360759682645048,0.197,0.197,804
280,0.196,0.19342491397108397,1.4353866588582742,0.196,0.196,805
623,0.195,0.19327593104589902,1.434281071440819,0.195,0.195,806
536,0.194,0.19298080617646862,1.4320909837265339,0.194,0.194,807
348,0.193,0.19290810773516295,1.4315514823167088,0.193,0.193,808
178,0.192,0.19279468528974153,1.4307098062130572,0.192,0.192,809
331,0.191,0.1927391572611718,1.4302977215250465,0.191,0.191,810
585,0.19,0.19265663709742165,1.4296853541514878,0.19,0.19,811
322,0.189,0.19247307910604555,1.4283231844925102,0.189,0.189,812
190,0.188,0.19241020876818934,1.4278566383573303,0.188,0.188,813
75,0.187,0.19240334539089501,1.4278056976856652,0.187,0.187,814
198,0.186,0.1923236424512481,1.4272142192672403,0.186,0.186,815
470,0.185,0.19139868142279326,1.420350193150411,0.185,0.185,816
373,0.184,0.1912230752747231,1.419047030781564,0.184,0.184,817
205,0.183,0.1911895766819228,1.4187984436794534,0.183,0.183,818
108,0.182,0.1911229405259105,1.4183039472440624,0.182,0.182,819
369,0.181,0.1908930666290496,1.4165980761070907,0.181,0.181,820
475,0.18,0.19077642447210968,1.4157324874128356,0.18,0.18,821
725,0.179,0.19075533033151074,1.415575938124852,0.179,0.179,822
168,0.178,0.19025388031743456,1.41185474114977,0.178,0.178,823
22,0.177,0.19018272779567832,1.411326720210196,0.177,0.177,824
73,0.176,0.19015785965172097,1.411142167563833,0.176,0.176,825
649,0.175,0.19010015379125275,1.4107139406513154,0.175,0.175,826
478,0.174,0.19007019504239364,1.4104916191899148,0.174,0.174,827
150,0.173,0.1896403610159755,1.4073018622950235,0.173,0.173,828
767,0.172,0.18942537871454182,1.4057065089569667,0.172,0.172,829
262,0.171,0.18924823090396395,1.4043919135540095,0.171,0.171,830
309,0.17,0.1892037526486234,1.4040618437248988,0.17,0.17,831
88,0.169,0.18912277033971217,1.4034608988763089,0.169,0.169,832
172,0.168,0.18854098812235967,1.3991435497914544,0.168,0.168,833
187,0.167,0.18850343263497285,1.3988648299297304,0.167,0.167,834
664,0.166,0.18848461528350025,1.398725185983531,0.166,0.166,835
359,0.165,0.18837457243084674,1.3979085878511706,0.165,0.165,836
583,0.164,0.1876220283143994,1.3923240243211097,0.164,0.164,837
723,0.163,0.1874766498350824,1.3912451811294455,0.163,0.163,838
83,0.162,0.18732472122266036,1.3901177380283072,0.162,0.162,839
314,0.161,0.1871408876786856,1.388753527515684,0.161,0.161,840
119,0.16,0.18709600099350182,1.3884204458796845,0.16,0.16,841
361,0.159,0.18706163883306298,1.3881654446350642,0.159,0.159,842
711,0.158,0.18693095635257298,1.3871956364206108,0.158,0.158,843
211,0.157,0.18690580305924911,1.387008988842778,0.157,0.157,844
175,0.156,0.18686733457259902,1.3867235333708428,0.156,0.156,845
112,0.155,0.18643514129573505,1.3835162605981877,0.155,0.155,846
7,0.154,0.1864040857961318,1.3832858164183581,0.154,0.154,847
194,0.153,0.1860564839475203,1.3807062892509534,0.153,0.153,848
640,0.152,0.1854941810509385,1.3765334868945738,0.152,0.152,849
610,0.151,0.1853950564348292,1.3757978966231124,0.151,0.151,850
379,0.15,0.1853095868504179,1.375163631330824,0.15,0.15,851
85,0.149,0.1851928245096893,1.3742971618408206,0.149,0.149,852
14,0.148,0.18518828053720873,1.3742634379063283,0.148,0.148,853
360,0.147,0.18514774569165993,1.3739626125649742,0.147,0.147,854
50,0.146,0.18500336176777638,1.37289117081091,0.146,0.146,855
367,0.145,0.18491692904577325,1.3722497672932286,0.145,0.145,856
236,0.144,0.1847194337042704,1.370784171921141,0.144,0.144,857
335,0.143,0.18338931158532748,1.3609134848202618,0.143,0.143,858
342,0.142,0.18332390388682193,1.3604280870533363,0.142,0.142,859
801,0.141,0.18313241753890344,1.359007076978259,0.141,0.141,860
755,0.14,0.18304431030874999,1.358353248636956,0.14,0.14,861
975,0.139,0.18278317547465417,1.3564153812391149,0.139,0.139,862
122,0.138,0.18264557212795282,1.3553942555914111,0.138,0.138,863
118,0.137,0.18238673146863496,1.3534734265387334,0.137,0.137,864
763,0.136,0.18219221586883594,1.3520299392923096,0.136,0.136,865
43,0.135,0.18216140583206766,1.3518013115092997,0.135,0.135,866
74,0.134,0.18191183434351946,1.3499492689962345,0.134,0.134,867
251,0.133,0.1818111568839092,1.3492021369858638,0.133,0.133,868
10,0.132,0.18156640028730248,1.3473858314584053,0.132,0.132,869
992,0.131,0.18136201565981916,1.3458691069335722,0.131,0.131,870
770,0.13,0.18119805860443855,1.3446524022976083,0.13,0.13,871
775,0.129,0.18098841483783287,1.3430966571992433,0.129,0.129,872
733,0.128,0.18091410289982088,1.3425451956532215,0.128,0.128,873
227,0.127,0.18056574625977817,1.3399600786115748,0.127,0.127,874
675,0.126,0.1804763389901033,1.339296604681748,0.126,0.126,875
259,0.125,0.1804221284114953,1.338894298699402,0.125,0.125,876
399,0.124,0.1802161583432112,1.3373658139876017,0.124,0.124,877
432,0.123,0.18002607634519913,1.3359552426279289,0.123,0.123,878
350,0.122,0.17979089017764935,1.3342099485976968,0.122,0.122,879
218,0.121,0.17953418556777287,1.3323049718823516,0.121,0.121,880
783,0.12,0.17942328388548553,1.3314819733871153,0.12,0.12,881
354,0.119,0.17941868179875442,1.3314478115771615,0.119,0.119,882
591,0.118,0.17926275405494485,1.3302907030421303,0.118,0.118,883
952,0.117,0.178930177690414,1.3278226861401157,0.117,0.117,884
395,0.116,0.17834114884786503,1.3234515657558186,0.116,0.116,885
705,0.115,0.17728455391976958,1.3156106656959243,0.115,0.115,886
896,0.114,0.1771898063862753,1.3149075793453744,0.114,0.114,887
21,0.113,0.1764826322267677,1.3096597062437596,0.113,0.113,888
62,0.112,0.17647481898899164,1.3096017155691442,0.112,0.112,889
972,0.111,0.17620932845740508,1.3076315422433025,0.111,0.111,890
418,0.11,0.1761356514264019,1.307084801500389,0.11,0.11,891
195,0.109,0.17576897784812712,1.30436375162829,0.109,0.109,892
58,0.108,0.17531422412488987,1.3009890728328328,0.108,0.108,893
382,0.107,0.17525442832490346,1.3005453265828175,0.107,0.107,894
167,0.106,0.1744402519200646,1.2945034080591271,0.106,0.106,895
155,0.105,0.17410664404363504,1.292027740704258,0.105,0.105,896
595,0.104,0.17401792960064388,1.291369388492391,0.104,0.104,897
11,0.103,0.17398828181045461,1.2911493804792624,0.103,0.103,898
797,0.102,0.17347824744920898,1.2873644647469151,0.102,0.102,899
837,0.101,0.17320927357024463,1.2853684366864815,0.101,0.101,900
982,0.1,0.17284756232001605,1.282684223131809,0.1,0.1,901
607,0.099,0.17274471863557758,1.281921010569176,0.099,0.099,902
699,0.098,0.17256182433448186,1.280563790024372,0.098,0.098,903
736,0.097,0.1719315497731752,1.2758865908472456,0.097,0.097,904
488,0.096,0.17184799781068974,1.275266549496761,0.096,0.096,905
332,0.095,0.17179960582751003,1.27490744969506,0.095,0.095,906
340,0.094,0.17155690378186406,1.2731063540917493,0.094,0.094,907
616,0.093,0.1708865643806526,1.2681318475897656,0.093,0.093,908
92,0.092,0.17063727966535772,1.2662819291702971,0.092,0.092,909
386,0.091,0.16905476719161147,1.2545382707212855,0.091,0.091,910
592,0.09,0.16900166973694958,1.2541442279428876,0.09,0.09,911
593,0.089,0.1689061821072098,1.253435629947448,0.089,0.089,912
865,0.088,0.16887117907987467,1.253175882244096,0.088,0.088,913
317,0.087,0.16835309627326853,1.2493312368990892,0.087,0.087,914
413,0.086,0.16834658076727646,1.2492828870475836,0.086,0.086,915
795,0.085,0.16784241033552527,1.245541496249966,0.085,0.085,916
87,0.084,0.167582778189387,1.2436147753564757,0.084,0.084,917
296,0.083,0.1670473989177597,1.2396417950393839,0.083,0.083,918
44,0.082,0.1670061605643434,1.239335750273619,0.082,0.082,919
121,0.081,0.1667605099022012,1.2375128313952444,0.081,0.081,920
466,0.08,0.16537110708332606,1.2272021981563788,0.08,0.08,921
116,0.079,0.1647315589542167,1.2224561911153795,0.079,0.079,922
809,0.078,0.16466768497821682,1.2219821775496014,0.078,0.078,923
34,0.077,0.16422281054698054,1.2186808210031908,0.077,0.077,924
100,0.076,0.16298959745799407,1.2095292612513595,0.076,0.076,925
186,0.075,0.16292266897376498,1.209032586949781,0.075,0.075,926
420,0.074,0.16286593775734864,1.2086115959457298,0.074,0.074,927
531,0.073,0.16248013760043334,1.2057486126005044,0.073,0.073,928
439,0.072,0.16225852831430612,1.2041040641761451,0.072,0.072,929
482,0.071,0.16175101993614316,1.2003379055962546,0.071,0.071,930
71,0.07,0.16172526435048382,1.2001467716623375,0.07,0.07,931
231,0.069,0.16146853095532976,1.1982415633170644,0.069,0.069,932
272,0.068,0.1612907032295435,1.1969219373982622,0.068,0.068,933
250,0.067,0.16106870747754545,1.195274526258939,0.067,0.067,934
565,0.066,0.16069763176768492,1.1925208177160633,0.066,0.066,935
349,0.065,0.16053767457296986,1.1913337743583798,0.065,0.065,936
292,0.064,0.1605207481254423,1.1912081776146053,0.064,0.064,937
72,0.063,0.1598810657199786,1.1864611611275027,0.063,0.063,938
381,0.062,0.1584881405601905,1.176124402114856,0.062,0.062,939
570,0.061,0.15810265563647413,1.1732637602540736,0.061,0.061,940
93,0.06,0.1579760730557756,1.17232440962702,0.06,0.06,941
279,0.059,0.1577289184106342,1.1704903109287044,0.059,0.059,942
140,0.058,0.15755639328328697,1.1692100046413048,0.058,0.058,943
702,0.057,0.1567546382165242,1.1632602443883298,0.057,0.057,944
735,0.056,0.15520037036114623,1.1517261934370007,0.056,0.056,945
618,0.055,0.1547345899572908,1.1482696922969962,0.055,0.055,946
15,0.054,0.15411005856112486,1.1436351018581077,0.054,0.054,947
448,0.053,0.15403162218396882,1.1430530437106372,0.053,0.053,948
263,0.052,0.15334459290125474,1.137954638290852,0.052,0.052,949
396,0.051,0.15317318965590979,1.1366826938878236,0.051,0.051,950
691,0.05,0.1531015493048436,1.1361510513522985,0.05,0.05,951
271,0.049,0.15162770013360113,1.125213777509191,0.049,0.049,952
33,0.048,0.1509972909187591,1.1205355657523814,0.048,0.048,953
99,0.047,0.150573331902047,1.1173894282549013,0.047,0.047,954
774,0.046,0.1502920170625788,1.115301788389887,0.046,0.046,955
244,0.045,0.1502184387338487,1.114755778674625,0.045,0.045,956
462,0.044,0.14975658586577265,1.1113284382416855,0.044,0.044,957
341,0.043,0.14949581634970965,1.109393280542164,0.043,0.043,958
496,0.042,0.14904432547357835,1.1060428297033484,0.042,0.042,959
602,0.041,0.14902608334474413,1.1059074161606692,0.041,0.041,960
111,0.04,0.14843254870301661,1.101502875996493,0.04,0.04,961
18,0.039,0.14836660375568828,1.1010135063784454,0.039,0.039,962
491,0.038,0.14823550595518456,1.1000406368973032,0.038,0.038,963
898,0.037,0.14738725097863384,1.0937458273120257,0.037,0.037,964
153,0.036,0.14691983999329455,1.09027722370258,0.036,0.036,965
955,0.035,0.1468683457306417,1.0898950964726488,0.035,0.035,966
584,0.034,0.14674024332019586,1.0889444478593913,0.034,0.034,967
215,0.033,0.1461844628867237,1.0848200533744987,0.033,0.033,968
237,0.032,0.1452737702988086,1.0780619006776095,0.032,0.032,969
572,0.031,0.14300706300862934,1.061240911404829,0.031,0.031,970
417,0.03,0.14245914547564575,1.0571748584612288,0.03,0.03,971
59,0.029,0.14142387757653457,1.0494922436755039,0.029,0.029,972
124,0.028,0.14064991221477677,1.043748728718585,0.028,0.028,973
5,0.027,0.14050418238114804,1.0426672588662336,0.027,0.027,974
721,0.026,0.1401307935159602,1.03989639289225,0.026,0.026,975
117,0.025,0.13953778239730558,1.035495727180915,0.025,0.025,976
139,0.024,0.13872536555533493,1.0294668529465316,0.024,0.024,977
306,0.023,0.13724551687217587,1.0184850483480588,0.023,0.023,978
333,0.022,0.13712916001775782,1.0176215776625643,0.022,0.022,979
436,0.021,0.13686282158771132,1.0156451046205541,0.021,0.021,980
191,0.02,0.1361643039376154,1.010461461934206,0.02,0.02,981
337,0.019,0.13576906692021037,1.0075284671943052,0.019,0.019,982
197,0.018,0.13560659373589615,1.0063227757783575,0.018,0.018,983
429,0.017,0.13548903624747557,1.0054503721618917,0.017,0.017,984
221,0.016,0.13308802245482632,0.9876327067008617,0.016,0.016,985
310,0.015,0.1303878547236807,0.9675950246737929,0.015,0.015,986
154,0.014,0.1289138377055378,0.9566565181960877,0.014,0.014,987
287,0.013,0.12843014424374677,0.9530670658083101,0.013,0.013,988
700,0.012,0.12834368930158974,0.952425489986552,0.012,0.012,989
804,0.011,0.1274608450287441,0.9458739949908633,0.011,0.011,990
27,0.01,0.12514162371388565,0.9286632892543218,0.01,0.01,991
445,0.009,0.12171413894084318,0.9032282644506489,0.009,0.009,992
739,0.008,0.11845409157623296,0.8790357843297681,0.008,0.008,993
611,0.007,0.11641005449862181,0.8638671794491666,0.007,0.007,994
752,0.006,0.11269819223668735,0.8363218396873392,0.006,0.006,995
374,0.005,0.11214262161416164,0.8321990103301796,0.005,0.005,996
82,0.004,0.10015441540946296,0.743235748542364,0.004,0.004,997
347,0.003,0.10007060347260677,0.7426137945701097,0.003,0.003,998
391,0.002,0.09944156321361969,0.737945748194625,0.002,0.002,999
47,0.001,0.08827212048634688,0.6550584523568828,0.001,0.001,1000
